{"w1": [[0.9630232780845531, 0.7887098346291523, 0.8001854390039669], [0.9228622187432174, -0.18172532857701862, 0.41244954765018615], [-0.17273589532994182, 0.99036210283372, -0.3275022689159146], [-0.8722880878380799, -0.6755966435549239, 0.8781376307083222], [0.7729796042365222, 0.5028561647819454, -0.049799991125108134], [-0.643606206093315, -0.42581530771525844, -0.48282694664272996], [0.5024683785656132, -0.33647999320417443, 0.17656685495338897], [-0.9740846611230103, 0.9207492427712989, -0.5722160072296452]], "b1": [0.6490545282973539, 0.7079541317948002, -0.09758876392415106, -0.21743765391402747, -0.8976401846914643, 0.41848857374400317, -0.009507150312097812, 0.47497787609692166], "w2": [0.4408368769018971, -0.5624534778136172, 0.9079992323586614, 0.5162269873298495, -0.9482359151372581, -0.3838364947233015, -0.11491876578078797, 0.27433314351029314], "b2": -0.9854862228291088, "hidden": 8}