{"w1": [[0.705333250843742, -0.6666881945795429, -0.30336289368958896], [0.15828383898692747, -0.8532229037697363, -0.38466650719550094], [-0.021450560310949857, 0.47333848775208204, -0.35050745941266737], [0.19947808778005477, -0.40449398000351905, 0.5185172522913897], [-0.006619616916231336, 0.5032434577081747, 0.3885145014343569], [-0.18005767795812136, -0.9276176118682002, -0.3905659076610016], [-0.6766809508084553, 0.0003798257278233852, -0.36194327564132445], [-0.16427529649265515, -0.4956760271047491, -0.55190206997825]], "b1": [0.05159611632882351, 0.0354691185882575, -0.1778690566932493, -0.21133010385930256, -0.08440047581369547, -0.08077307042653291, 0.02058133523926737, 0.22188296731683155], "w2": [0.1761365352834019, 0.6751198535859791, -0.05075745443205351, 0.5255615272110912, -0.2383459497549077, 0.26437468372576267, -0.21699308121935332, -0.07809809162273124], "b2": -0.15870041194083911, "hidden": 8}